year_month,index_level,frequency,source,source_url,notes
2005-01,954.88,monthly,Eastmoney kline API,https://quote.eastmoney.com/,"CSI 300 (沪深300) monthly close, last trading day of each month; unadjusted (fqt=0); source: Eastmoney kline API secid=1.000300 klt=103"
2005-02,1039.99,monthly,Eastmoney kline API,https://quote.eastmoney.com/,"CSI 300 (沪深300) monthly close, last trading day of each month; unadjusted (fqt=0); source: Eastmoney kline API secid=1.000300 klt=103"
2005-03,942.20,monthly,Eastmoney kline API,https://quote.eastmoney.com/,"CSI 300 (沪深300) monthly close, last trading day of each month; unadjusted (fqt=0); source: Eastmoney kline API secid=1.000300 klt=103"
2005-04,932.40,monthly,Eastmoney kline API,https://quote.eastmoney.com/,"CSI 300 (沪深300) monthly close, last trading day of each month; unadjusted (fqt=0); source: Eastmoney kline API secid=1.000300 klt=103"
2005-05,855.95,monthly,Eastmoney kline API,https://quote.eastmoney.com/,"CSI 300 (沪深300) monthly close, last trading day of each month; unadjusted (fqt=0); source: Eastmoney kline API secid=1.000300 klt=103"
2005-06,878.69,monthly,Eastmoney kline API,https://quote.eastmoney.com/,"CSI 300 (沪深300) monthly close, last trading day of each month; unadjusted (fqt=0); source: Eastmoney kline API secid=1.000300 klt=103"
2005-07,888.16,monthly,Eastmoney kline API,https://quote.eastmoney.com/,"CSI 300 (沪深300) monthly close, last trading day of each month; unadjusted (fqt=0); source: Eastmoney kline API secid=1.000300 klt=103"
2005-08,927.92,monthly,Eastmoney kline API,https://quote.eastmoney.com/,"CSI 300 (沪深300) monthly close, last trading day of each month; unadjusted (fqt=0); source: Eastmoney kline API secid=1.000300 klt=103"
2005-09,917.39,monthly,Eastmoney kline API,https://quote.eastmoney.com/,"CSI 300 (沪深300) monthly close, last trading day of each month; unadjusted (fqt=0); source: Eastmoney kline API secid=1.000300 klt=103"
2005-10,876.28,monthly,Eastmoney kline API,https://quote.eastmoney.com/,"CSI 300 (沪深300) monthly close, last trading day of each month; unadjusted (fqt=0); source: Eastmoney kline API secid=1.000300 klt=103"
2005-11,873.83,monthly,Eastmoney kline API,https://quote.eastmoney.com/,"CSI 300 (沪深300) monthly close, last trading day of each month; unadjusted (fqt=0); source: Eastmoney kline API secid=1.000300 klt=103"
2005-12,923.45,monthly,Eastmoney kline API,https://quote.eastmoney.com/,"CSI 300 (沪深300) monthly close, last trading day of each month; unadjusted (fqt=0); source: Eastmoney kline API secid=1.000300 klt=103"
2006-01,1009.60,monthly,Eastmoney kline API,https://quote.eastmoney.com/,"CSI 300 (沪深300) monthly close, last trading day of each month; unadjusted (fqt=0); source: Eastmoney kline API secid=1.000300 klt=103"
2006-02,1053.01,monthly,Eastmoney kline API,https://quote.eastmoney.com/,"CSI 300 (沪深300) monthly close, last trading day of each month; unadjusted (fqt=0); source: Eastmoney kline API secid=1.000300 klt=103"
2006-03,1061.09,monthly,Eastmoney kline API,https://quote.eastmoney.com/,"CSI 300 (沪深300) monthly close, last trading day of each month; unadjusted (fqt=0); source: Eastmoney kline API secid=1.000300 klt=103"
2006-04,1172.35,monthly,Eastmoney kline API,https://quote.eastmoney.com/,"CSI 300 (沪深300) monthly close, last trading day of each month; unadjusted (fqt=0); source: Eastmoney kline API secid=1.000300 klt=103"
2006-05,1365.45,monthly,Eastmoney kline API,https://quote.eastmoney.com/,"CSI 300 (沪深300) monthly close, last trading day of each month; unadjusted (fqt=0); source: Eastmoney kline API secid=1.000300 klt=103"
2006-06,1393.96,monthly,Eastmoney kline API,https://quote.eastmoney.com/,"CSI 300 (沪深300) monthly close, last trading day of each month; unadjusted (fqt=0); source: Eastmoney kline API secid=1.000300 klt=103"
2006-07,1294.33,monthly,Eastmoney kline API,https://quote.eastmoney.com/,"CSI 300 (沪深300) monthly close, last trading day of each month; unadjusted (fqt=0); source: Eastmoney kline API secid=1.000300 klt=103"
2006-08,1338.69,monthly,Eastmoney kline API,https://quote.eastmoney.com/,"CSI 300 (沪深300) monthly close, last trading day of each month; unadjusted (fqt=0); source: Eastmoney kline API secid=1.000300 klt=103"
2006-09,1403.27,monthly,Eastmoney kline API,https://quote.eastmoney.com/,"CSI 300 (沪深300) monthly close, last trading day of each month; unadjusted (fqt=0); source: Eastmoney kline API secid=1.000300 klt=103"
2006-10,1464.47,monthly,Eastmoney kline API,https://quote.eastmoney.com/,"CSI 300 (沪深300) monthly close, last trading day of each month; unadjusted (fqt=0); source: Eastmoney kline API secid=1.000300 klt=103"
2006-11,1714.36,monthly,Eastmoney kline API,https://quote.eastmoney.com/,"CSI 300 (沪深300) monthly close, last trading day of each month; unadjusted (fqt=0); source: Eastmoney kline API secid=1.000300 klt=103"
2006-12,2041.05,monthly,Eastmoney kline API,https://quote.eastmoney.com/,"CSI 300 (沪深300) monthly close, last trading day of each month; unadjusted (fqt=0); source: Eastmoney kline API secid=1.000300 klt=103"
2007-01,2385.33,monthly,Eastmoney kline API,https://quote.eastmoney.com/,"CSI 300 (沪深300) monthly close, last trading day of each month; unadjusted (fqt=0); source: Eastmoney kline API secid=1.000300 klt=103"
2007-02,2544.57,monthly,Eastmoney kline API,https://quote.eastmoney.com/,"CSI 300 (沪深300) monthly close, last trading day of each month; unadjusted (fqt=0); source: Eastmoney kline API secid=1.000300 klt=103"
2007-03,2781.78,monthly,Eastmoney kline API,https://quote.eastmoney.com/,"CSI 300 (沪深300) monthly close, last trading day of each month; unadjusted (fqt=0); source: Eastmoney kline API secid=1.000300 klt=103"
2007-04,3558.71,monthly,Eastmoney kline API,https://quote.eastmoney.com/,"CSI 300 (沪深300) monthly close, last trading day of each month; unadjusted (fqt=0); source: Eastmoney kline API secid=1.000300 klt=103"
2007-05,3927.95,monthly,Eastmoney kline API,https://quote.eastmoney.com/,"CSI 300 (沪深300) monthly close, last trading day of each month; unadjusted (fqt=0); source: Eastmoney kline API secid=1.000300 klt=103"
2007-06,3764.08,monthly,Eastmoney kline API,https://quote.eastmoney.com/,"CSI 300 (沪深300) monthly close, last trading day of each month; unadjusted (fqt=0); source: Eastmoney kline API secid=1.000300 klt=103"
2007-07,4460.56,monthly,Eastmoney kline API,https://quote.eastmoney.com/,"CSI 300 (沪深300) monthly close, last trading day of each month; unadjusted (fqt=0); source: Eastmoney kline API secid=1.000300 klt=103"
2007-08,5296.81,monthly,Eastmoney kline API,https://quote.eastmoney.com/,"CSI 300 (沪深300) monthly close, last trading day of each month; unadjusted (fqt=0); source: Eastmoney kline API secid=1.000300 klt=103"
2007-09,5580.81,monthly,Eastmoney kline API,https://quote.eastmoney.com/,"CSI 300 (沪深300) monthly close, last trading day of each month; unadjusted (fqt=0); source: Eastmoney kline API secid=1.000300 klt=103"
2007-10,5688.54,monthly,Eastmoney kline API,https://quote.eastmoney.com/,"CSI 300 (沪深300) monthly close, last trading day of each month; unadjusted (fqt=0); source: Eastmoney kline API secid=1.000300 klt=103"
2007-11,4737.41,monthly,Eastmoney kline API,https://quote.eastmoney.com/,"CSI 300 (沪深300) monthly close, last trading day of each month; unadjusted (fqt=0); source: Eastmoney kline API secid=1.000300 klt=103"
2007-12,5338.27,monthly,Eastmoney kline API,https://quote.eastmoney.com/,"CSI 300 (沪深300) monthly close, last trading day of each month; unadjusted (fqt=0); source: Eastmoney kline API secid=1.000300 klt=103"
2008-01,4620.40,monthly,Eastmoney kline API,https://quote.eastmoney.com/,"CSI 300 (沪深300) monthly close, last trading day of each month; unadjusted (fqt=0); source: Eastmoney kline API secid=1.000300 klt=103"
2008-02,4674.55,monthly,Eastmoney kline API,https://quote.eastmoney.com/,"CSI 300 (沪深300) monthly close, last trading day of each month; unadjusted (fqt=0); source: Eastmoney kline API secid=1.000300 klt=103"
2008-03,3790.53,monthly,Eastmoney kline API,https://quote.eastmoney.com/,"CSI 300 (沪深300) monthly close, last trading day of each month; unadjusted (fqt=0); source: Eastmoney kline API secid=1.000300 klt=103"
2008-04,3959.12,monthly,Eastmoney kline API,https://quote.eastmoney.com/,"CSI 300 (沪深300) monthly close, last trading day of each month; unadjusted (fqt=0); source: Eastmoney kline API secid=1.000300 klt=103"
2008-05,3611.33,monthly,Eastmoney kline API,https://quote.eastmoney.com/,"CSI 300 (沪深300) monthly close, last trading day of each month; unadjusted (fqt=0); source: Eastmoney kline API secid=1.000300 klt=103"
2008-06,2791.82,monthly,Eastmoney kline API,https://quote.eastmoney.com/,"CSI 300 (沪深300) monthly close, last trading day of each month; unadjusted (fqt=0); source: Eastmoney kline API secid=1.000300 klt=103"
2008-07,2805.21,monthly,Eastmoney kline API,https://quote.eastmoney.com/,"CSI 300 (沪深300) monthly close, last trading day of each month; unadjusted (fqt=0); source: Eastmoney kline API secid=1.000300 klt=103"
2008-08,2391.64,monthly,Eastmoney kline API,https://quote.eastmoney.com/,"CSI 300 (沪深300) monthly close, last trading day of each month; unadjusted (fqt=0); source: Eastmoney kline API secid=1.000300 klt=103"
2008-09,2243.66,monthly,Eastmoney kline API,https://quote.eastmoney.com/,"CSI 300 (沪深300) monthly close, last trading day of each month; unadjusted (fqt=0); source: Eastmoney kline API secid=1.000300 klt=103"
2008-10,1663.66,monthly,Eastmoney kline API,https://quote.eastmoney.com/,"CSI 300 (沪深300) monthly close, last trading day of each month; unadjusted (fqt=0); source: Eastmoney kline API secid=1.000300 klt=103"
2008-11,1829.92,monthly,Eastmoney kline API,https://quote.eastmoney.com/,"CSI 300 (沪深300) monthly close, last trading day of each month; unadjusted (fqt=0); source: Eastmoney kline API secid=1.000300 klt=103"
2008-12,1817.72,monthly,Eastmoney kline API,https://quote.eastmoney.com/,"CSI 300 (沪深300) monthly close, last trading day of each month; unadjusted (fqt=0); source: Eastmoney kline API secid=1.000300 klt=103"
2009-01,2032.68,monthly,Eastmoney kline API,https://quote.eastmoney.com/,"CSI 300 (沪深300) monthly close, last trading day of each month; unadjusted (fqt=0); source: Eastmoney kline API secid=1.000300 klt=103"
2009-02,2140.49,monthly,Eastmoney kline API,https://quote.eastmoney.com/,"CSI 300 (沪深300) monthly close, last trading day of each month; unadjusted (fqt=0); source: Eastmoney kline API secid=1.000300 klt=103"
2009-03,2507.79,monthly,Eastmoney kline API,https://quote.eastmoney.com/,"CSI 300 (沪深300) monthly close, last trading day of each month; unadjusted (fqt=0); source: Eastmoney kline API secid=1.000300 klt=103"
2009-04,2622.93,monthly,Eastmoney kline API,https://quote.eastmoney.com/,"CSI 300 (沪深300) monthly close, last trading day of each month; unadjusted (fqt=0); source: Eastmoney kline API secid=1.000300 klt=103"
2009-05,2759.71,monthly,Eastmoney kline API,https://quote.eastmoney.com/,"CSI 300 (沪深300) monthly close, last trading day of each month; unadjusted (fqt=0); source: Eastmoney kline API secid=1.000300 klt=103"
2009-06,3166.47,monthly,Eastmoney kline API,https://quote.eastmoney.com/,"CSI 300 (沪深300) monthly close, last trading day of each month; unadjusted (fqt=0); source: Eastmoney kline API secid=1.000300 klt=103"
2009-07,3734.62,monthly,Eastmoney kline API,https://quote.eastmoney.com/,"CSI 300 (沪深300) monthly close, last trading day of each month; unadjusted (fqt=0); source: Eastmoney kline API secid=1.000300 klt=103"
2009-08,2830.27,monthly,Eastmoney kline API,https://quote.eastmoney.com/,"CSI 300 (沪深300) monthly close, last trading day of each month; unadjusted (fqt=0); source: Eastmoney kline API secid=1.000300 klt=103"
2009-09,3004.80,monthly,Eastmoney kline API,https://quote.eastmoney.com/,"CSI 300 (沪深300) monthly close, last trading day of each month; unadjusted (fqt=0); source: Eastmoney kline API secid=1.000300 klt=103"
2009-10,3280.37,monthly,Eastmoney kline API,https://quote.eastmoney.com/,"CSI 300 (沪深300) monthly close, last trading day of each month; unadjusted (fqt=0); source: Eastmoney kline API secid=1.000300 klt=103"
2009-11,3511.67,monthly,Eastmoney kline API,https://quote.eastmoney.com/,"CSI 300 (沪深300) monthly close, last trading day of each month; unadjusted (fqt=0); source: Eastmoney kline API secid=1.000300 klt=103"
2009-12,3575.68,monthly,Eastmoney kline API,https://quote.eastmoney.com/,"CSI 300 (沪深300) monthly close, last trading day of each month; unadjusted (fqt=0); source: Eastmoney kline API secid=1.000300 klt=103"
2010-01,3204.16,monthly,Eastmoney kline API,https://quote.eastmoney.com/,"CSI 300 (沪深300) monthly close, last trading day of each month; unadjusted (fqt=0); source: Eastmoney kline API secid=1.000300 klt=103"
2010-02,3281.67,monthly,Eastmoney kline API,https://quote.eastmoney.com/,"CSI 300 (沪深300) monthly close, last trading day of each month; unadjusted (fqt=0); source: Eastmoney kline API secid=1.000300 klt=103"
2010-03,3345.61,monthly,Eastmoney kline API,https://quote.eastmoney.com/,"CSI 300 (沪深300) monthly close, last trading day of each month; unadjusted (fqt=0); source: Eastmoney kline API secid=1.000300 klt=103"
2010-04,3067.36,monthly,Eastmoney kline API,https://quote.eastmoney.com/,"CSI 300 (沪深300) monthly close, last trading day of each month; unadjusted (fqt=0); source: Eastmoney kline API secid=1.000300 klt=103"
2010-05,2773.26,monthly,Eastmoney kline API,https://quote.eastmoney.com/,"CSI 300 (沪深300) monthly close, last trading day of each month; unadjusted (fqt=0); source: Eastmoney kline API secid=1.000300 klt=103"
2010-06,2563.07,monthly,Eastmoney kline API,https://quote.eastmoney.com/,"CSI 300 (沪深300) monthly close, last trading day of each month; unadjusted (fqt=0); source: Eastmoney kline API secid=1.000300 klt=103"
2010-07,2868.85,monthly,Eastmoney kline API,https://quote.eastmoney.com/,"CSI 300 (沪深300) monthly close, last trading day of each month; unadjusted (fqt=0); source: Eastmoney kline API secid=1.000300 klt=103"
2010-08,2903.19,monthly,Eastmoney kline API,https://quote.eastmoney.com/,"CSI 300 (沪深300) monthly close, last trading day of each month; unadjusted (fqt=0); source: Eastmoney kline API secid=1.000300 klt=103"
2010-09,2935.57,monthly,Eastmoney kline API,https://quote.eastmoney.com/,"CSI 300 (沪深300) monthly close, last trading day of each month; unadjusted (fqt=0); source: Eastmoney kline API secid=1.000300 klt=103"
2010-10,3379.98,monthly,Eastmoney kline API,https://quote.eastmoney.com/,"CSI 300 (沪深300) monthly close, last trading day of each month; unadjusted (fqt=0); source: Eastmoney kline API secid=1.000300 klt=103"
2010-11,3136.99,monthly,Eastmoney kline API,https://quote.eastmoney.com/,"CSI 300 (沪深300) monthly close, last trading day of each month; unadjusted (fqt=0); source: Eastmoney kline API secid=1.000300 klt=103"
2010-12,3128.26,monthly,Eastmoney kline API,https://quote.eastmoney.com/,"CSI 300 (沪深300) monthly close, last trading day of each month; unadjusted (fqt=0); source: Eastmoney kline API secid=1.000300 klt=103"
2011-01,3076.51,monthly,Eastmoney kline API,https://quote.eastmoney.com/,"CSI 300 (沪深300) monthly close, last trading day of each month; unadjusted (fqt=0); source: Eastmoney kline API secid=1.000300 klt=103"
2011-02,3239.56,monthly,Eastmoney kline API,https://quote.eastmoney.com/,"CSI 300 (沪深300) monthly close, last trading day of each month; unadjusted (fqt=0); source: Eastmoney kline API secid=1.000300 klt=103"
2011-03,3223.29,monthly,Eastmoney kline API,https://quote.eastmoney.com/,"CSI 300 (沪深300) monthly close, last trading day of each month; unadjusted (fqt=0); source: Eastmoney kline API secid=1.000300 klt=103"
2011-04,3192.72,monthly,Eastmoney kline API,https://quote.eastmoney.com/,"CSI 300 (沪深300) monthly close, last trading day of each month; unadjusted (fqt=0); source: Eastmoney kline API secid=1.000300 klt=103"
2011-05,3001.56,monthly,Eastmoney kline API,https://quote.eastmoney.com/,"CSI 300 (沪深300) monthly close, last trading day of each month; unadjusted (fqt=0); source: Eastmoney kline API secid=1.000300 klt=103"
2011-06,3044.09,monthly,Eastmoney kline API,https://quote.eastmoney.com/,"CSI 300 (沪深300) monthly close, last trading day of each month; unadjusted (fqt=0); source: Eastmoney kline API secid=1.000300 klt=103"
2011-07,2972.08,monthly,Eastmoney kline API,https://quote.eastmoney.com/,"CSI 300 (沪深300) monthly close, last trading day of each month; unadjusted (fqt=0); source: Eastmoney kline API secid=1.000300 klt=103"
2011-08,2846.78,monthly,Eastmoney kline API,https://quote.eastmoney.com/,"CSI 300 (沪深300) monthly close, last trading day of each month; unadjusted (fqt=0); source: Eastmoney kline API secid=1.000300 klt=103"
2011-09,2581.35,monthly,Eastmoney kline API,https://quote.eastmoney.com/,"CSI 300 (沪深300) monthly close, last trading day of each month; unadjusted (fqt=0); source: Eastmoney kline API secid=1.000300 klt=103"
2011-10,2695.31,monthly,Eastmoney kline API,https://quote.eastmoney.com/,"CSI 300 (沪深300) monthly close, last trading day of each month; unadjusted (fqt=0); source: Eastmoney kline API secid=1.000300 klt=103"
2011-11,2521.52,monthly,Eastmoney kline API,https://quote.eastmoney.com/,"CSI 300 (沪深300) monthly close, last trading day of each month; unadjusted (fqt=0); source: Eastmoney kline API secid=1.000300 klt=103"
2011-12,2345.74,monthly,Eastmoney kline API,https://quote.eastmoney.com/,"CSI 300 (沪深300) monthly close, last trading day of each month; unadjusted (fqt=0); source: Eastmoney kline API secid=1.000300 klt=103"
2012-01,2464.26,monthly,Eastmoney kline API,https://quote.eastmoney.com/,"CSI 300 (沪深300) monthly close, last trading day of each month; unadjusted (fqt=0); source: Eastmoney kline API secid=1.000300 klt=103"
2012-02,2634.14,monthly,Eastmoney kline API,https://quote.eastmoney.com/,"CSI 300 (沪深300) monthly close, last trading day of each month; unadjusted (fqt=0); source: Eastmoney kline API secid=1.000300 klt=103"
2012-03,2454.90,monthly,Eastmoney kline API,https://quote.eastmoney.com/,"CSI 300 (沪深300) monthly close, last trading day of each month; unadjusted (fqt=0); source: Eastmoney kline API secid=1.000300 klt=103"
2012-04,2626.16,monthly,Eastmoney kline API,https://quote.eastmoney.com/,"CSI 300 (沪深300) monthly close, last trading day of each month; unadjusted (fqt=0); source: Eastmoney kline API secid=1.000300 klt=103"
2012-05,2632.04,monthly,Eastmoney kline API,https://quote.eastmoney.com/,"CSI 300 (沪深300) monthly close, last trading day of each month; unadjusted (fqt=0); source: Eastmoney kline API secid=1.000300 klt=103"
2012-06,2461.61,monthly,Eastmoney kline API,https://quote.eastmoney.com/,"CSI 300 (沪深300) monthly close, last trading day of each month; unadjusted (fqt=0); source: Eastmoney kline API secid=1.000300 klt=103"
2012-07,2332.92,monthly,Eastmoney kline API,https://quote.eastmoney.com/,"CSI 300 (沪深300) monthly close, last trading day of each month; unadjusted (fqt=0); source: Eastmoney kline API secid=1.000300 klt=103"
2012-08,2204.87,monthly,Eastmoney kline API,https://quote.eastmoney.com/,"CSI 300 (沪深300) monthly close, last trading day of each month; unadjusted (fqt=0); source: Eastmoney kline API secid=1.000300 klt=103"
2012-09,2293.11,monthly,Eastmoney kline API,https://quote.eastmoney.com/,"CSI 300 (沪深300) monthly close, last trading day of each month; unadjusted (fqt=0); source: Eastmoney kline API secid=1.000300 klt=103"
2012-10,2254.82,monthly,Eastmoney kline API,https://quote.eastmoney.com/,"CSI 300 (沪深300) monthly close, last trading day of each month; unadjusted (fqt=0); source: Eastmoney kline API secid=1.000300 klt=103"
2012-11,2139.66,monthly,Eastmoney kline API,https://quote.eastmoney.com/,"CSI 300 (沪深300) monthly close, last trading day of each month; unadjusted (fqt=0); source: Eastmoney kline API secid=1.000300 klt=103"
2012-12,2522.95,monthly,Eastmoney kline API,https://quote.eastmoney.com/,"CSI 300 (沪深300) monthly close, last trading day of each month; unadjusted (fqt=0); source: Eastmoney kline API secid=1.000300 klt=103"
2013-01,2686.88,monthly,Eastmoney kline API,https://quote.eastmoney.com/,"CSI 300 (沪深300) monthly close, last trading day of each month; unadjusted (fqt=0); source: Eastmoney kline API secid=1.000300 klt=103"
2013-02,2673.33,monthly,Eastmoney kline API,https://quote.eastmoney.com/,"CSI 300 (沪深300) monthly close, last trading day of each month; unadjusted (fqt=0); source: Eastmoney kline API secid=1.000300 klt=103"
2013-03,2495.08,monthly,Eastmoney kline API,https://quote.eastmoney.com/,"CSI 300 (沪深300) monthly close, last trading day of each month; unadjusted (fqt=0); source: Eastmoney kline API secid=1.000300 klt=103"
2013-04,2447.31,monthly,Eastmoney kline API,https://quote.eastmoney.com/,"CSI 300 (沪深300) monthly close, last trading day of each month; unadjusted (fqt=0); source: Eastmoney kline API secid=1.000300 klt=103"
2013-05,2606.43,monthly,Eastmoney kline API,https://quote.eastmoney.com/,"CSI 300 (沪深300) monthly close, last trading day of each month; unadjusted (fqt=0); source: Eastmoney kline API secid=1.000300 klt=103"
2013-06,2200.64,monthly,Eastmoney kline API,https://quote.eastmoney.com/,"CSI 300 (沪深300) monthly close, last trading day of each month; unadjusted (fqt=0); source: Eastmoney kline API secid=1.000300 klt=103"
2013-07,2193.02,monthly,Eastmoney kline API,https://quote.eastmoney.com/,"CSI 300 (沪深300) monthly close, last trading day of each month; unadjusted (fqt=0); source: Eastmoney kline API secid=1.000300 klt=103"
2013-08,2313.91,monthly,Eastmoney kline API,https://quote.eastmoney.com/,"CSI 300 (沪深300) monthly close, last trading day of each month; unadjusted (fqt=0); source: Eastmoney kline API secid=1.000300 klt=103"
2013-09,2409.04,monthly,Eastmoney kline API,https://quote.eastmoney.com/,"CSI 300 (沪深300) monthly close, last trading day of each month; unadjusted (fqt=0); source: Eastmoney kline API secid=1.000300 klt=103"
2013-10,2373.72,monthly,Eastmoney kline API,https://quote.eastmoney.com/,"CSI 300 (沪深300) monthly close, last trading day of each month; unadjusted (fqt=0); source: Eastmoney kline API secid=1.000300 klt=103"
2013-11,2438.94,monthly,Eastmoney kline API,https://quote.eastmoney.com/,"CSI 300 (沪深300) monthly close, last trading day of each month; unadjusted (fqt=0); source: Eastmoney kline API secid=1.000300 klt=103"
2013-12,2330.03,monthly,Eastmoney kline API,https://quote.eastmoney.com/,"CSI 300 (沪深300) monthly close, last trading day of each month; unadjusted (fqt=0); source: Eastmoney kline API secid=1.000300 klt=103"
2014-01,2202.45,monthly,Eastmoney kline API,https://quote.eastmoney.com/,"CSI 300 (沪深300) monthly close, last trading day of each month; unadjusted (fqt=0); source: Eastmoney kline API secid=1.000300 klt=103"
2014-02,2178.97,monthly,Eastmoney kline API,https://quote.eastmoney.com/,"CSI 300 (沪深300) monthly close, last trading day of each month; unadjusted (fqt=0); source: Eastmoney kline API secid=1.000300 klt=103"
2014-03,2146.30,monthly,Eastmoney kline API,https://quote.eastmoney.com/,"CSI 300 (沪深300) monthly close, last trading day of each month; unadjusted (fqt=0); source: Eastmoney kline API secid=1.000300 klt=103"
2014-04,2158.66,monthly,Eastmoney kline API,https://quote.eastmoney.com/,"CSI 300 (沪深300) monthly close, last trading day of each month; unadjusted (fqt=0); source: Eastmoney kline API secid=1.000300 klt=103"
2014-05,2156.46,monthly,Eastmoney kline API,https://quote.eastmoney.com/,"CSI 300 (沪深300) monthly close, last trading day of each month; unadjusted (fqt=0); source: Eastmoney kline API secid=1.000300 klt=103"
2014-06,2165.12,monthly,Eastmoney kline API,https://quote.eastmoney.com/,"CSI 300 (沪深300) monthly close, last trading day of each month; unadjusted (fqt=0); source: Eastmoney kline API secid=1.000300 klt=103"
2014-07,2350.25,monthly,Eastmoney kline API,https://quote.eastmoney.com/,"CSI 300 (沪深300) monthly close, last trading day of each month; unadjusted (fqt=0); source: Eastmoney kline API secid=1.000300 klt=103"
2014-08,2338.29,monthly,Eastmoney kline API,https://quote.eastmoney.com/,"CSI 300 (沪深300) monthly close, last trading day of each month; unadjusted (fqt=0); source: Eastmoney kline API secid=1.000300 klt=103"
2014-09,2450.99,monthly,Eastmoney kline API,https://quote.eastmoney.com/,"CSI 300 (沪深300) monthly close, last trading day of each month; unadjusted (fqt=0); source: Eastmoney kline API secid=1.000300 klt=103"
2014-10,2508.32,monthly,Eastmoney kline API,https://quote.eastmoney.com/,"CSI 300 (沪深300) monthly close, last trading day of each month; unadjusted (fqt=0); source: Eastmoney kline API secid=1.000300 klt=103"
2014-11,2808.82,monthly,Eastmoney kline API,https://quote.eastmoney.com/,"CSI 300 (沪深300) monthly close, last trading day of each month; unadjusted (fqt=0); source: Eastmoney kline API secid=1.000300 klt=103"
2014-12,3533.71,monthly,Eastmoney kline API,https://quote.eastmoney.com/,"CSI 300 (沪深300) monthly close, last trading day of each month; unadjusted (fqt=0); source: Eastmoney kline API secid=1.000300 klt=103"
2015-01,3434.39,monthly,Eastmoney kline API,https://quote.eastmoney.com/,"CSI 300 (沪深300) monthly close, last trading day of each month; unadjusted (fqt=0); source: Eastmoney kline API secid=1.000300 klt=103"
2015-02,3572.84,monthly,Eastmoney kline API,https://quote.eastmoney.com/,"CSI 300 (沪深300) monthly close, last trading day of each month; unadjusted (fqt=0); source: Eastmoney kline API secid=1.000300 klt=103"
2015-03,4051.20,monthly,Eastmoney kline API,https://quote.eastmoney.com/,"CSI 300 (沪深300) monthly close, last trading day of each month; unadjusted (fqt=0); source: Eastmoney kline API secid=1.000300 klt=103"
2015-04,4749.89,monthly,Eastmoney kline API,https://quote.eastmoney.com/,"CSI 300 (沪深300) monthly close, last trading day of each month; unadjusted (fqt=0); source: Eastmoney kline API secid=1.000300 klt=103"
2015-05,4840.83,monthly,Eastmoney kline API,https://quote.eastmoney.com/,"CSI 300 (沪深300) monthly close, last trading day of each month; unadjusted (fqt=0); source: Eastmoney kline API secid=1.000300 klt=103"
2015-06,4473.00,monthly,Eastmoney kline API,https://quote.eastmoney.com/,"CSI 300 (沪深300) monthly close, last trading day of each month; unadjusted (fqt=0); source: Eastmoney kline API secid=1.000300 klt=103"
2015-07,3816.70,monthly,Eastmoney kline API,https://quote.eastmoney.com/,"CSI 300 (沪深300) monthly close, last trading day of each month; unadjusted (fqt=0); source: Eastmoney kline API secid=1.000300 klt=103"
2015-08,3366.54,monthly,Eastmoney kline API,https://quote.eastmoney.com/,"CSI 300 (沪深300) monthly close, last trading day of each month; unadjusted (fqt=0); source: Eastmoney kline API secid=1.000300 klt=103"
2015-09,3202.95,monthly,Eastmoney kline API,https://quote.eastmoney.com/,"CSI 300 (沪深300) monthly close, last trading day of each month; unadjusted (fqt=0); source: Eastmoney kline API secid=1.000300 klt=103"
2015-10,3534.08,monthly,Eastmoney kline API,https://quote.eastmoney.com/,"CSI 300 (沪深300) monthly close, last trading day of each month; unadjusted (fqt=0); source: Eastmoney kline API secid=1.000300 klt=103"
2015-11,3566.41,monthly,Eastmoney kline API,https://quote.eastmoney.com/,"CSI 300 (沪深300) monthly close, last trading day of each month; unadjusted (fqt=0); source: Eastmoney kline API secid=1.000300 klt=103"
2015-12,3731.00,monthly,Eastmoney kline API,https://quote.eastmoney.com/,"CSI 300 (沪深300) monthly close, last trading day of each month; unadjusted (fqt=0); source: Eastmoney kline API secid=1.000300 klt=103"
2016-01,2946.09,monthly,Eastmoney kline API,https://quote.eastmoney.com/,"CSI 300 (沪深300) monthly close, last trading day of each month; unadjusted (fqt=0); source: Eastmoney kline API secid=1.000300 klt=103"
2016-02,2877.47,monthly,Eastmoney kline API,https://quote.eastmoney.com/,"CSI 300 (沪深300) monthly close, last trading day of each month; unadjusted (fqt=0); source: Eastmoney kline API secid=1.000300 klt=103"
2016-03,3218.09,monthly,Eastmoney kline API,https://quote.eastmoney.com/,"CSI 300 (沪深300) monthly close, last trading day of each month; unadjusted (fqt=0); source: Eastmoney kline API secid=1.000300 klt=103"
2016-04,3156.75,monthly,Eastmoney kline API,https://quote.eastmoney.com/,"CSI 300 (沪深300) monthly close, last trading day of each month; unadjusted (fqt=0); source: Eastmoney kline API secid=1.000300 klt=103"
2016-05,3169.56,monthly,Eastmoney kline API,https://quote.eastmoney.com/,"CSI 300 (沪深300) monthly close, last trading day of each month; unadjusted (fqt=0); source: Eastmoney kline API secid=1.000300 klt=103"
2016-06,3153.92,monthly,Eastmoney kline API,https://quote.eastmoney.com/,"CSI 300 (沪深300) monthly close, last trading day of each month; unadjusted (fqt=0); source: Eastmoney kline API secid=1.000300 klt=103"
2016-07,3203.93,monthly,Eastmoney kline API,https://quote.eastmoney.com/,"CSI 300 (沪深300) monthly close, last trading day of each month; unadjusted (fqt=0); source: Eastmoney kline API secid=1.000300 klt=103"
2016-08,3327.79,monthly,Eastmoney kline API,https://quote.eastmoney.com/,"CSI 300 (沪深300) monthly close, last trading day of each month; unadjusted (fqt=0); source: Eastmoney kline API secid=1.000300 klt=103"
2016-09,3253.28,monthly,Eastmoney kline API,https://quote.eastmoney.com/,"CSI 300 (沪深300) monthly close, last trading day of each month; unadjusted (fqt=0); source: Eastmoney kline API secid=1.000300 klt=103"
2016-10,3336.28,monthly,Eastmoney kline API,https://quote.eastmoney.com/,"CSI 300 (沪深300) monthly close, last trading day of each month; unadjusted (fqt=0); source: Eastmoney kline API secid=1.000300 klt=103"
2016-11,3538.00,monthly,Eastmoney kline API,https://quote.eastmoney.com/,"CSI 300 (沪深300) monthly close, last trading day of each month; unadjusted (fqt=0); source: Eastmoney kline API secid=1.000300 klt=103"
2016-12,3310.08,monthly,Eastmoney kline API,https://quote.eastmoney.com/,"CSI 300 (沪深300) monthly close, last trading day of each month; unadjusted (fqt=0); source: Eastmoney kline API secid=1.000300 klt=103"
2017-01,3387.96,monthly,Eastmoney kline API,https://quote.eastmoney.com/,"CSI 300 (沪深300) monthly close, last trading day of each month; unadjusted (fqt=0); source: Eastmoney kline API secid=1.000300 klt=103"
2017-02,3452.81,monthly,Eastmoney kline API,https://quote.eastmoney.com/,"CSI 300 (沪深300) monthly close, last trading day of each month; unadjusted (fqt=0); source: Eastmoney kline API secid=1.000300 klt=103"
2017-03,3456.05,monthly,Eastmoney kline API,https://quote.eastmoney.com/,"CSI 300 (沪深300) monthly close, last trading day of each month; unadjusted (fqt=0); source: Eastmoney kline API secid=1.000300 klt=103"
2017-04,3439.75,monthly,Eastmoney kline API,https://quote.eastmoney.com/,"CSI 300 (沪深300) monthly close, last trading day of each month; unadjusted (fqt=0); source: Eastmoney kline API secid=1.000300 klt=103"
2017-05,3492.88,monthly,Eastmoney kline API,https://quote.eastmoney.com/,"CSI 300 (沪深300) monthly close, last trading day of each month; unadjusted (fqt=0); source: Eastmoney kline API secid=1.000300 klt=103"
2017-06,3666.80,monthly,Eastmoney kline API,https://quote.eastmoney.com/,"CSI 300 (沪深300) monthly close, last trading day of each month; unadjusted (fqt=0); source: Eastmoney kline API secid=1.000300 klt=103"
2017-07,3737.87,monthly,Eastmoney kline API,https://quote.eastmoney.com/,"CSI 300 (沪深300) monthly close, last trading day of each month; unadjusted (fqt=0); source: Eastmoney kline API secid=1.000300 klt=103"
2017-08,3822.09,monthly,Eastmoney kline API,https://quote.eastmoney.com/,"CSI 300 (沪深300) monthly close, last trading day of each month; unadjusted (fqt=0); source: Eastmoney kline API secid=1.000300 klt=103"
2017-09,3836.50,monthly,Eastmoney kline API,https://quote.eastmoney.com/,"CSI 300 (沪深300) monthly close, last trading day of each month; unadjusted (fqt=0); source: Eastmoney kline API secid=1.000300 klt=103"
2017-10,4006.72,monthly,Eastmoney kline API,https://quote.eastmoney.com/,"CSI 300 (沪深300) monthly close, last trading day of each month; unadjusted (fqt=0); source: Eastmoney kline API secid=1.000300 klt=103"
2017-11,4006.10,monthly,Eastmoney kline API,https://quote.eastmoney.com/,"CSI 300 (沪深300) monthly close, last trading day of each month; unadjusted (fqt=0); source: Eastmoney kline API secid=1.000300 klt=103"
2017-12,4030.85,monthly,Eastmoney kline API,https://quote.eastmoney.com/,"CSI 300 (沪深300) monthly close, last trading day of each month; unadjusted (fqt=0); source: Eastmoney kline API secid=1.000300 klt=103"
2018-01,4275.90,monthly,Eastmoney kline API,https://quote.eastmoney.com/,"CSI 300 (沪深300) monthly close, last trading day of each month; unadjusted (fqt=0); source: Eastmoney kline API secid=1.000300 klt=103"
2018-02,4023.64,monthly,Eastmoney kline API,https://quote.eastmoney.com/,"CSI 300 (沪深300) monthly close, last trading day of each month; unadjusted (fqt=0); source: Eastmoney kline API secid=1.000300 klt=103"
2018-03,3898.50,monthly,Eastmoney kline API,https://quote.eastmoney.com/,"CSI 300 (沪深300) monthly close, last trading day of each month; unadjusted (fqt=0); source: Eastmoney kline API secid=1.000300 klt=103"
2018-04,3756.88,monthly,Eastmoney kline API,https://quote.eastmoney.com/,"CSI 300 (沪深300) monthly close, last trading day of each month; unadjusted (fqt=0); source: Eastmoney kline API secid=1.000300 klt=103"
2018-05,3802.38,monthly,Eastmoney kline API,https://quote.eastmoney.com/,"CSI 300 (沪深300) monthly close, last trading day of each month; unadjusted (fqt=0); source: Eastmoney kline API secid=1.000300 klt=103"
2018-06,3510.98,monthly,Eastmoney kline API,https://quote.eastmoney.com/,"CSI 300 (沪深300) monthly close, last trading day of each month; unadjusted (fqt=0); source: Eastmoney kline API secid=1.000300 klt=103"
2018-07,3517.66,monthly,Eastmoney kline API,https://quote.eastmoney.com/,"CSI 300 (沪深300) monthly close, last trading day of each month; unadjusted (fqt=0); source: Eastmoney kline API secid=1.000300 klt=103"
2018-08,3334.50,monthly,Eastmoney kline API,https://quote.eastmoney.com/,"CSI 300 (沪深300) monthly close, last trading day of each month; unadjusted (fqt=0); source: Eastmoney kline API secid=1.000300 klt=103"
2018-09,3438.86,monthly,Eastmoney kline API,https://quote.eastmoney.com/,"CSI 300 (沪深300) monthly close, last trading day of each month; unadjusted (fqt=0); source: Eastmoney kline API secid=1.000300 klt=103"
2018-10,3153.82,monthly,Eastmoney kline API,https://quote.eastmoney.com/,"CSI 300 (沪深300) monthly close, last trading day of each month; unadjusted (fqt=0); source: Eastmoney kline API secid=1.000300 klt=103"
2018-11,3172.69,monthly,Eastmoney kline API,https://quote.eastmoney.com/,"CSI 300 (沪深300) monthly close, last trading day of each month; unadjusted (fqt=0); source: Eastmoney kline API secid=1.000300 klt=103"
2018-12,3010.65,monthly,Eastmoney kline API,https://quote.eastmoney.com/,"CSI 300 (沪深300) monthly close, last trading day of each month; unadjusted (fqt=0); source: Eastmoney kline API secid=1.000300 klt=103"
2019-01,3201.63,monthly,Eastmoney kline API,https://quote.eastmoney.com/,"CSI 300 (沪深300) monthly close, last trading day of each month; unadjusted (fqt=0); source: Eastmoney kline API secid=1.000300 klt=103"
2019-02,3669.37,monthly,Eastmoney kline API,https://quote.eastmoney.com/,"CSI 300 (沪深300) monthly close, last trading day of each month; unadjusted (fqt=0); source: Eastmoney kline API secid=1.000300 klt=103"
2019-03,3872.34,monthly,Eastmoney kline API,https://quote.eastmoney.com/,"CSI 300 (沪深300) monthly close, last trading day of each month; unadjusted (fqt=0); source: Eastmoney kline API secid=1.000300 klt=103"
2019-04,3913.21,monthly,Eastmoney kline API,https://quote.eastmoney.com/,"CSI 300 (沪深300) monthly close, last trading day of each month; unadjusted (fqt=0); source: Eastmoney kline API secid=1.000300 klt=103"
2019-05,3629.79,monthly,Eastmoney kline API,https://quote.eastmoney.com/,"CSI 300 (沪深300) monthly close, last trading day of each month; unadjusted (fqt=0); source: Eastmoney kline API secid=1.000300 klt=103"
2019-06,3825.59,monthly,Eastmoney kline API,https://quote.eastmoney.com/,"CSI 300 (沪深300) monthly close, last trading day of each month; unadjusted (fqt=0); source: Eastmoney kline API secid=1.000300 klt=103"
2019-07,3835.36,monthly,Eastmoney kline API,https://quote.eastmoney.com/,"CSI 300 (沪深300) monthly close, last trading day of each month; unadjusted (fqt=0); source: Eastmoney kline API secid=1.000300 klt=103"
2019-08,3799.59,monthly,Eastmoney kline API,https://quote.eastmoney.com/,"CSI 300 (沪深300) monthly close, last trading day of each month; unadjusted (fqt=0); source: Eastmoney kline API secid=1.000300 klt=103"
2019-09,3814.53,monthly,Eastmoney kline API,https://quote.eastmoney.com/,"CSI 300 (沪深300) monthly close, last trading day of each month; unadjusted (fqt=0); source: Eastmoney kline API secid=1.000300 klt=103"
2019-10,3886.75,monthly,Eastmoney kline API,https://quote.eastmoney.com/,"CSI 300 (沪深300) monthly close, last trading day of each month; unadjusted (fqt=0); source: Eastmoney kline API secid=1.000300 klt=103"
2019-11,3828.67,monthly,Eastmoney kline API,https://quote.eastmoney.com/,"CSI 300 (沪深300) monthly close, last trading day of each month; unadjusted (fqt=0); source: Eastmoney kline API secid=1.000300 klt=103"
2019-12,4096.58,monthly,Eastmoney kline API,https://quote.eastmoney.com/,"CSI 300 (沪深300) monthly close, last trading day of each month; unadjusted (fqt=0); source: Eastmoney kline API secid=1.000300 klt=103"
2020-01,4003.90,monthly,Eastmoney kline API,https://quote.eastmoney.com/,"CSI 300 (沪深300) monthly close, last trading day of each month; unadjusted (fqt=0); source: Eastmoney kline API secid=1.000300 klt=103"
2020-02,3940.05,monthly,Eastmoney kline API,https://quote.eastmoney.com/,"CSI 300 (沪深300) monthly close, last trading day of each month; unadjusted (fqt=0); source: Eastmoney kline API secid=1.000300 klt=103"
2020-03,3686.16,monthly,Eastmoney kline API,https://quote.eastmoney.com/,"CSI 300 (沪深300) monthly close, last trading day of each month; unadjusted (fqt=0); source: Eastmoney kline API secid=1.000300 klt=103"
2020-04,3912.58,monthly,Eastmoney kline API,https://quote.eastmoney.com/,"CSI 300 (沪深300) monthly close, last trading day of each month; unadjusted (fqt=0); source: Eastmoney kline API secid=1.000300 klt=103"
2020-05,3867.02,monthly,Eastmoney kline API,https://quote.eastmoney.com/,"CSI 300 (沪深300) monthly close, last trading day of each month; unadjusted (fqt=0); source: Eastmoney kline API secid=1.000300 klt=103"
2020-06,4163.96,monthly,Eastmoney kline API,https://quote.eastmoney.com/,"CSI 300 (沪深300) monthly close, last trading day of each month; unadjusted (fqt=0); source: Eastmoney kline API secid=1.000300 klt=103"
2020-07,4695.05,monthly,Eastmoney kline API,https://quote.eastmoney.com/,"CSI 300 (沪深300) monthly close, last trading day of each month; unadjusted (fqt=0); source: Eastmoney kline API secid=1.000300 klt=103"
2020-08,4816.22,monthly,Eastmoney kline API,https://quote.eastmoney.com/,"CSI 300 (沪深300) monthly close, last trading day of each month; unadjusted (fqt=0); source: Eastmoney kline API secid=1.000300 klt=103"
2020-09,4587.40,monthly,Eastmoney kline API,https://quote.eastmoney.com/,"CSI 300 (沪深300) monthly close, last trading day of each month; unadjusted (fqt=0); source: Eastmoney kline API secid=1.000300 klt=103"
2020-10,4695.33,monthly,Eastmoney kline API,https://quote.eastmoney.com/,"CSI 300 (沪深300) monthly close, last trading day of each month; unadjusted (fqt=0); source: Eastmoney kline API secid=1.000300 klt=103"
2020-11,4960.25,monthly,Eastmoney kline API,https://quote.eastmoney.com/,"CSI 300 (沪深300) monthly close, last trading day of each month; unadjusted (fqt=0); source: Eastmoney kline API secid=1.000300 klt=103"
2020-12,5211.29,monthly,Eastmoney kline API,https://quote.eastmoney.com/,"CSI 300 (沪深300) monthly close, last trading day of each month; unadjusted (fqt=0); source: Eastmoney kline API secid=1.000300 klt=103"
2021-01,5351.96,monthly,Eastmoney kline API,https://quote.eastmoney.com/,"CSI 300 (沪深300) monthly close, last trading day of each month; unadjusted (fqt=0); source: Eastmoney kline API secid=1.000300 klt=103"
2021-02,5336.76,monthly,Eastmoney kline API,https://quote.eastmoney.com/,"CSI 300 (沪深300) monthly close, last trading day of each month; unadjusted (fqt=0); source: Eastmoney kline API secid=1.000300 klt=103"
2021-03,5048.36,monthly,Eastmoney kline API,https://quote.eastmoney.com/,"CSI 300 (沪深300) monthly close, last trading day of each month; unadjusted (fqt=0); source: Eastmoney kline API secid=1.000300 klt=103"
2021-04,5123.49,monthly,Eastmoney kline API,https://quote.eastmoney.com/,"CSI 300 (沪深300) monthly close, last trading day of each month; unadjusted (fqt=0); source: Eastmoney kline API secid=1.000300 klt=103"
2021-05,5331.57,monthly,Eastmoney kline API,https://quote.eastmoney.com/,"CSI 300 (沪深300) monthly close, last trading day of each month; unadjusted (fqt=0); source: Eastmoney kline API secid=1.000300 klt=103"
2021-06,5224.04,monthly,Eastmoney kline API,https://quote.eastmoney.com/,"CSI 300 (沪深300) monthly close, last trading day of each month; unadjusted (fqt=0); source: Eastmoney kline API secid=1.000300 klt=103"
2021-07,4811.17,monthly,Eastmoney kline API,https://quote.eastmoney.com/,"CSI 300 (沪深300) monthly close, last trading day of each month; unadjusted (fqt=0); source: Eastmoney kline API secid=1.000300 klt=103"
2021-08,4805.61,monthly,Eastmoney kline API,https://quote.eastmoney.com/,"CSI 300 (沪深300) monthly close, last trading day of each month; unadjusted (fqt=0); source: Eastmoney kline API secid=1.000300 klt=103"
2021-09,4866.38,monthly,Eastmoney kline API,https://quote.eastmoney.com/,"CSI 300 (沪深300) monthly close, last trading day of each month; unadjusted (fqt=0); source: Eastmoney kline API secid=1.000300 klt=103"
2021-10,4908.77,monthly,Eastmoney kline API,https://quote.eastmoney.com/,"CSI 300 (沪深300) monthly close, last trading day of each month; unadjusted (fqt=0); source: Eastmoney kline API secid=1.000300 klt=103"
2021-11,4832.03,monthly,Eastmoney kline API,https://quote.eastmoney.com/,"CSI 300 (沪深300) monthly close, last trading day of each month; unadjusted (fqt=0); source: Eastmoney kline API secid=1.000300 klt=103"
2021-12,4940.37,monthly,Eastmoney kline API,https://quote.eastmoney.com/,"CSI 300 (沪深300) monthly close, last trading day of each month; unadjusted (fqt=0); source: Eastmoney kline API secid=1.000300 klt=103"
2022-01,4563.77,monthly,Eastmoney kline API,https://quote.eastmoney.com/,"CSI 300 (沪深300) monthly close, last trading day of each month; unadjusted (fqt=0); source: Eastmoney kline API secid=1.000300 klt=103"
2022-02,4581.65,monthly,Eastmoney kline API,https://quote.eastmoney.com/,"CSI 300 (沪深300) monthly close, last trading day of each month; unadjusted (fqt=0); source: Eastmoney kline API secid=1.000300 klt=103"
2022-03,4222.60,monthly,Eastmoney kline API,https://quote.eastmoney.com/,"CSI 300 (沪深300) monthly close, last trading day of each month; unadjusted (fqt=0); source: Eastmoney kline API secid=1.000300 klt=103"
2022-04,4016.24,monthly,Eastmoney kline API,https://quote.eastmoney.com/,"CSI 300 (沪深300) monthly close, last trading day of each month; unadjusted (fqt=0); source: Eastmoney kline API secid=1.000300 klt=103"
2022-05,4091.52,monthly,Eastmoney kline API,https://quote.eastmoney.com/,"CSI 300 (沪深300) monthly close, last trading day of each month; unadjusted (fqt=0); source: Eastmoney kline API secid=1.000300 klt=103"
2022-06,4485.01,monthly,Eastmoney kline API,https://quote.eastmoney.com/,"CSI 300 (沪深300) monthly close, last trading day of each month; unadjusted (fqt=0); source: Eastmoney kline API secid=1.000300 klt=103"
2022-07,4170.10,monthly,Eastmoney kline API,https://quote.eastmoney.com/,"CSI 300 (沪深300) monthly close, last trading day of each month; unadjusted (fqt=0); source: Eastmoney kline API secid=1.000300 klt=103"
2022-08,4078.84,monthly,Eastmoney kline API,https://quote.eastmoney.com/,"CSI 300 (沪深300) monthly close, last trading day of each month; unadjusted (fqt=0); source: Eastmoney kline API secid=1.000300 klt=103"
2022-09,3804.89,monthly,Eastmoney kline API,https://quote.eastmoney.com/,"CSI 300 (沪深300) monthly close, last trading day of each month; unadjusted (fqt=0); source: Eastmoney kline API secid=1.000300 klt=103"
2022-10,3508.70,monthly,Eastmoney kline API,https://quote.eastmoney.com/,"CSI 300 (沪深300) monthly close, last trading day of each month; unadjusted (fqt=0); source: Eastmoney kline API secid=1.000300 klt=103"
2022-11,3853.04,monthly,Eastmoney kline API,https://quote.eastmoney.com/,"CSI 300 (沪深300) monthly close, last trading day of each month; unadjusted (fqt=0); source: Eastmoney kline API secid=1.000300 klt=103"
2022-12,3871.63,monthly,Eastmoney kline API,https://quote.eastmoney.com/,"CSI 300 (沪深300) monthly close, last trading day of each month; unadjusted (fqt=0); source: Eastmoney kline API secid=1.000300 klt=103"
2023-01,4156.86,monthly,Eastmoney kline API,https://quote.eastmoney.com/,"CSI 300 (沪深300) monthly close, last trading day of each month; unadjusted (fqt=0); source: Eastmoney kline API secid=1.000300 klt=103"
2023-02,4069.46,monthly,Eastmoney kline API,https://quote.eastmoney.com/,"CSI 300 (沪深300) monthly close, last trading day of each month; unadjusted (fqt=0); source: Eastmoney kline API secid=1.000300 klt=103"
2023-03,4050.93,monthly,Eastmoney kline API,https://quote.eastmoney.com/,"CSI 300 (沪深300) monthly close, last trading day of each month; unadjusted (fqt=0); source: Eastmoney kline API secid=1.000300 klt=103"
2023-04,4029.09,monthly,Eastmoney kline API,https://quote.eastmoney.com/,"CSI 300 (沪深300) monthly close, last trading day of each month; unadjusted (fqt=0); source: Eastmoney kline API secid=1.000300 klt=103"
2023-05,3798.54,monthly,Eastmoney kline API,https://quote.eastmoney.com/,"CSI 300 (沪深300) monthly close, last trading day of each month; unadjusted (fqt=0); source: Eastmoney kline API secid=1.000300 klt=103"
2023-06,3842.45,monthly,Eastmoney kline API,https://quote.eastmoney.com/,"CSI 300 (沪深300) monthly close, last trading day of each month; unadjusted (fqt=0); source: Eastmoney kline API secid=1.000300 klt=103"
2023-07,4014.63,monthly,Eastmoney kline API,https://quote.eastmoney.com/,"CSI 300 (沪深300) monthly close, last trading day of each month; unadjusted (fqt=0); source: Eastmoney kline API secid=1.000300 klt=103"
2023-08,3765.27,monthly,Eastmoney kline API,https://quote.eastmoney.com/,"CSI 300 (沪深300) monthly close, last trading day of each month; unadjusted (fqt=0); source: Eastmoney kline API secid=1.000300 klt=103"
2023-09,3689.52,monthly,Eastmoney kline API,https://quote.eastmoney.com/,"CSI 300 (沪深300) monthly close, last trading day of each month; unadjusted (fqt=0); source: Eastmoney kline API secid=1.000300 klt=103"
2023-10,3572.51,monthly,Eastmoney kline API,https://quote.eastmoney.com/,"CSI 300 (沪深300) monthly close, last trading day of each month; unadjusted (fqt=0); source: Eastmoney kline API secid=1.000300 klt=103"
2023-11,3496.20,monthly,Eastmoney kline API,https://quote.eastmoney.com/,"CSI 300 (沪深300) monthly close, last trading day of each month; unadjusted (fqt=0); source: Eastmoney kline API secid=1.000300 klt=103"
2023-12,3431.11,monthly,Eastmoney kline API,https://quote.eastmoney.com/,"CSI 300 (沪深300) monthly close, last trading day of each month; unadjusted (fqt=0); source: Eastmoney kline API secid=1.000300 klt=103"
2024-01,3215.35,monthly,Eastmoney kline API,https://quote.eastmoney.com/,"CSI 300 (沪深300) monthly close, last trading day of each month; unadjusted (fqt=0); source: Eastmoney kline API secid=1.000300 klt=103"
2024-02,3516.08,monthly,Eastmoney kline API,https://quote.eastmoney.com/,"CSI 300 (沪深300) monthly close, last trading day of each month; unadjusted (fqt=0); source: Eastmoney kline API secid=1.000300 klt=103"
2024-03,3537.48,monthly,Eastmoney kline API,https://quote.eastmoney.com/,"CSI 300 (沪深300) monthly close, last trading day of each month; unadjusted (fqt=0); source: Eastmoney kline API secid=1.000300 klt=103"
2024-04,3604.39,monthly,Eastmoney kline API,https://quote.eastmoney.com/,"CSI 300 (沪深300) monthly close, last trading day of each month; unadjusted (fqt=0); source: Eastmoney kline API secid=1.000300 klt=103"
2024-05,3579.92,monthly,Eastmoney kline API,https://quote.eastmoney.com/,"CSI 300 (沪深300) monthly close, last trading day of each month; unadjusted (fqt=0); source: Eastmoney kline API secid=1.000300 klt=103"
2024-06,3461.66,monthly,Eastmoney kline API,https://quote.eastmoney.com/,"CSI 300 (沪深300) monthly close, last trading day of each month; unadjusted (fqt=0); source: Eastmoney kline API secid=1.000300 klt=103"
2024-07,3442.08,monthly,Eastmoney kline API,https://quote.eastmoney.com/,"CSI 300 (沪深300) monthly close, last trading day of each month; unadjusted (fqt=0); source: Eastmoney kline API secid=1.000300 klt=103"
2024-08,3321.43,monthly,Eastmoney kline API,https://quote.eastmoney.com/,"CSI 300 (沪深300) monthly close, last trading day of each month; unadjusted (fqt=0); source: Eastmoney kline API secid=1.000300 klt=103"
2024-09,4017.85,monthly,Eastmoney kline API,https://quote.eastmoney.com/,"CSI 300 (沪深300) monthly close, last trading day of each month; unadjusted (fqt=0); source: Eastmoney kline API secid=1.000300 klt=103"
2024-10,3891.04,monthly,Eastmoney kline API,https://quote.eastmoney.com/,"CSI 300 (沪深300) monthly close, last trading day of each month; unadjusted (fqt=0); source: Eastmoney kline API secid=1.000300 klt=103"
2024-11,3916.58,monthly,Eastmoney kline API,https://quote.eastmoney.com/,"CSI 300 (沪深300) monthly close, last trading day of each month; unadjusted (fqt=0); source: Eastmoney kline API secid=1.000300 klt=103"
2024-12,3934.91,monthly,Eastmoney kline API,https://quote.eastmoney.com/,"CSI 300 (沪深300) monthly close, last trading day of each month; unadjusted (fqt=0); source: Eastmoney kline API secid=1.000300 klt=103"
2025-01,3817.08,monthly,Eastmoney kline API,https://quote.eastmoney.com/,"CSI 300 (沪深300) monthly close, last trading day of each month; unadjusted (fqt=0); source: Eastmoney kline API secid=1.000300 klt=103"
2025-02,3890.05,monthly,Eastmoney kline API,https://quote.eastmoney.com/,"CSI 300 (沪深300) monthly close, last trading day of each month; unadjusted (fqt=0); source: Eastmoney kline API secid=1.000300 klt=103"
2025-03,3887.31,monthly,Eastmoney kline API,https://quote.eastmoney.com/,"CSI 300 (沪深300) monthly close, last trading day of each month; unadjusted (fqt=0); source: Eastmoney kline API secid=1.000300 klt=103"
2025-04,3770.57,monthly,Eastmoney kline API,https://quote.eastmoney.com/,"CSI 300 (沪深300) monthly close, last trading day of each month; unadjusted (fqt=0); source: Eastmoney kline API secid=1.000300 klt=103"
2025-05,3840.23,monthly,Eastmoney kline API,https://quote.eastmoney.com/,"CSI 300 (沪深300) monthly close, last trading day of each month; unadjusted (fqt=0); source: Eastmoney kline API secid=1.000300 klt=103"
2025-06,3936.08,monthly,Eastmoney kline API,https://quote.eastmoney.com/,"CSI 300 (沪深300) monthly close, last trading day of each month; unadjusted (fqt=0); source: Eastmoney kline API secid=1.000300 klt=103"
2025-07,4075.59,monthly,Eastmoney kline API,https://quote.eastmoney.com/,"CSI 300 (沪深300) monthly close, last trading day of each month; unadjusted (fqt=0); source: Eastmoney kline API secid=1.000300 klt=103"
2025-08,4496.76,monthly,Eastmoney kline API,https://quote.eastmoney.com/,"CSI 300 (沪深300) monthly close, last trading day of each month; unadjusted (fqt=0); source: Eastmoney kline API secid=1.000300 klt=103"
2025-09,4640.69,monthly,Eastmoney kline API,https://quote.eastmoney.com/,"CSI 300 (沪深300) monthly close, last trading day of each month; unadjusted (fqt=0); source: Eastmoney kline API secid=1.000300 klt=103"
2025-10,4640.67,monthly,Eastmoney kline API,https://quote.eastmoney.com/,"CSI 300 (沪深300) monthly close, last trading day of each month; unadjusted (fqt=0); source: Eastmoney kline API secid=1.000300 klt=103"
2025-11,4526.66,monthly,Eastmoney kline API,https://quote.eastmoney.com/,"CSI 300 (沪深300) monthly close, last trading day of each month; unadjusted (fqt=0); source: Eastmoney kline API secid=1.000300 klt=103"
2025-12,4629.94,monthly,Eastmoney kline API,https://quote.eastmoney.com/,"CSI 300 (沪深300) monthly close, last trading day of each month; unadjusted (fqt=0); source: Eastmoney kline API secid=1.000300 klt=103"
2026-01,4706.34,monthly,Eastmoney kline API,https://quote.eastmoney.com/,"CSI 300 (沪深300) monthly close, last trading day of each month; unadjusted (fqt=0); source: Eastmoney kline API secid=1.000300 klt=103"
2026-02,4710.65,monthly,Eastmoney kline API,https://quote.eastmoney.com/,"CSI 300 (沪深300) monthly close, last trading day of each month; unadjusted (fqt=0); source: Eastmoney kline API secid=1.000300 klt=103"
2026-03,4450.05,monthly,Eastmoney kline API,https://quote.eastmoney.com/,"CSI 300 (沪深300) monthly close, last trading day of each month; unadjusted (fqt=0); source: Eastmoney kline API secid=1.000300 klt=103"
2026-04,4807.31,monthly,Eastmoney kline API,https://quote.eastmoney.com/,"CSI 300 (沪深300) monthly close, last trading day of each month; unadjusted (fqt=0); source: Eastmoney kline API secid=1.000300 klt=103"
2026-05,4892.12,monthly,Eastmoney kline API,https://quote.eastmoney.com/,"CSI 300 (沪深300) monthly close, last trading day of each month; unadjusted (fqt=0); source: Eastmoney kline API secid=1.000300 klt=103"
